{
        "format_version": "1.20.0",
        "minecraft:item": {
            "description": {
                "category": "commands",
                "identifier": "yb:brewing_stand"
            },
            "components": {
                "minecraft:icon": {
                    "texture": "brewing_stand"
                },
                "minecraft:display_name": {
                    "value": "brewing_stand"
                },
                "minecraft:max_stack_size": 64,
                "minecraft:stacked_by_data": false
            }
        }
    }
