{
        "format_version": "1.20.0",
        "minecraft:item": {
            "description": {
                "category": "commands",
                "identifier": "yb:crimson_sign_item"
            },
            "components": {
                "minecraft:icon": {
                    "texture": "crimson_sign_item"
                },
                "minecraft:display_name": {
                    "value": "crimson_sign_item"
                },
                "minecraft:max_stack_size": 64,
                "minecraft:stacked_by_data": false
            }
        }
    }
