{
    "format_version": "1.20.0",
    "minecraft:item": {
        "description": {
            "category": "equipment",
            "identifier": "yb:seek"
        },
        "components": {
            "minecraft:icon": {
                "texture": "spyglass"
            },
            "minecraft:display_name": {
                "value": "查看可用圖示"
            },
            "minecraft:max_stack_size": 1,
            "minecraft:on_use": {
                "on_use": {
                    "event": "yb:seek",
                    "target": "self"
                }
            }
        },
        "events": {
            "yb:seek": {}
        }
    }
}